{"BLEU-1": 0.7531213433860467, "BLEU-2": 0.5104411445892946, "BLEU-3": 0.3419843236368201, "BLEU-4": 0.2172860799686052}